"","Year","Period","Black","White","Hispanic","Asian","Total"
"1",1948,"M01",0,0,0,0,16325
"2",1948,"M02",0,0,0,0,16361
"3",1948,"M03",0,0,0,0,16240
"4",1948,"M04",0,0,0,0,16706
"5",1948,"M05",0,0,0,0,16344
"6",1948,"M06",0,0,0,0,16934
"7",1948,"M07",0,0,0,0,16999
"8",1948,"M08",0,0,0,0,16631
"9",1948,"M09",0,0,0,0,16861
"10",1948,"M10",0,0,0,0,16564
"11",1948,"M11",0,0,0,0,16682
"12",1948,"M12",0,0,0,0,16879
"13",1949,"M01",0,0,0,0,16662
"14",1949,"M02",0,0,0,0,16815
"15",1949,"M03",0,0,0,0,16861
"16",1949,"M04",0,0,0,0,16585
"17",1949,"M05",0,0,0,0,16686
"18",1949,"M06",0,0,0,0,16487
"19",1949,"M07",0,0,0,0,16706
"20",1949,"M08",0,0,0,0,16757
"21",1949,"M09",0,0,0,0,16725
"22",1949,"M10",0,0,0,0,16857
"23",1949,"M11",0,0,0,0,17003
"24",1949,"M12",0,0,0,0,16862
"25",1950,"M01",0,0,0,0,16778
"26",1950,"M02",0,0,0,0,16829
"27",1950,"M03",0,0,0,0,16786
"28",1950,"M04",0,0,0,0,17355
"29",1950,"M05",0,0,0,0,17138
"30",1950,"M06",0,0,0,0,17431
"31",1950,"M07",0,0,0,0,17254
"32",1950,"M08",0,0,0,0,17649
"33",1950,"M09",0,0,0,0,17429
"34",1950,"M10",0,0,0,0,17769
"35",1950,"M11",0,0,0,0,17785
"36",1950,"M12",0,0,0,0,17694
"37",1951,"M01",0,0,0,0,17882
"38",1951,"M02",0,0,0,0,17835
"39",1951,"M03",0,0,0,0,18213
"40",1951,"M04",0,0,0,0,18012
"41",1951,"M05",0,0,0,0,18216
"42",1951,"M06",0,0,0,0,17948
"43",1951,"M07",0,0,0,0,18542
"44",1951,"M08",0,0,0,0,18305
"45",1951,"M09",0,0,0,0,18088
"46",1951,"M10",0,0,0,0,18305
"47",1951,"M11",0,0,0,0,18245
"48",1951,"M12",0,0,0,0,18556
"49",1952,"M01",0,0,0,0,18602
"50",1952,"M02",0,0,0,0,18550
"51",1952,"M03",0,0,0,0,18220
"52",1952,"M04",0,0,0,0,18314
"53",1952,"M05",0,0,0,0,18482
"54",1952,"M06",0,0,0,0,18544
"55",1952,"M07",0,0,0,0,18382
"56",1952,"M08",0,0,0,0,18423
"57",1952,"M09",0,0,0,0,19041
"58",1952,"M10",0,0,0,0,18558
"59",1952,"M11",0,0,0,0,19066
"60",1952,"M12",0,0,0,0,18844
"61",1953,"M01",0,0,0,0,19082
"62",1953,"M02",0,0,0,0,19011
"63",1953,"M03",0,0,0,0,19118
"64",1953,"M04",0,0,0,0,18869
"65",1953,"M05",0,0,0,0,18587
"66",1953,"M06",0,0,0,0,18977
"67",1953,"M07",0,0,0,0,18923
"68",1953,"M08",0,0,0,0,18725
"69",1953,"M09",0,0,0,0,18677
"70",1953,"M10",0,0,0,0,18714
"71",1953,"M11",0,0,0,0,18446
"72",1953,"M12",0,0,0,0,18029
"73",1954,"M01",0,15761,0,0,18091
"74",1954,"M02",0,16301,0,0,18691
"75",1954,"M03",0,16379,0,0,18661
"76",1954,"M04",0,16113,0,0,18577
"77",1954,"M05",0,16022,0,0,18437
"78",1954,"M06",0,15944,0,0,18336
"79",1954,"M07",0,15844,0,0,18191
"80",1954,"M08",0,16066,0,0,18311
"81",1954,"M09",0,16154,0,0,18632
"82",1954,"M10",0,16174,0,0,18708
"83",1954,"M11",0,16387,0,0,18677
"84",1954,"M12",0,16237,0,0,18477
"85",1955,"M01",0,16523,0,0,18819
"86",1955,"M02",0,16620,0,0,18789
"87",1955,"M03",0,16545,0,0,18834
"88",1955,"M04",0,16874,0,0,19319
"89",1955,"M05",0,16780,0,0,19144
"90",1955,"M06",0,16954,0,0,19307
"91",1955,"M07",0,17315,0,0,19679
"92",1955,"M08",0,17591,0,0,19981
"93",1955,"M09",0,17343,0,0,19878
"94",1955,"M10",0,17479,0,0,19937
"95",1955,"M11",0,17540,0,0,20078
"96",1955,"M12",0,17698,0,0,20374
"97",1956,"M01",0,17710,0,0,20284
"98",1956,"M02",0,17589,0,0,20153
"99",1956,"M03",0,17538,0,0,20034
"100",1956,"M04",0,17726,0,0,20241
"101",1956,"M05",0,17964,0,0,20482
"102",1956,"M06",0,18003,0,0,20423
"103",1956,"M07",0,17971,0,0,20418
"104",1956,"M08",0,18014,0,0,20548
"105",1956,"M09",0,18134,0,0,20673
"106",1956,"M10",0,18053,0,0,20579
"107",1956,"M11",0,18023,0,0,20523
"108",1956,"M12",0,17983,0,0,20616
"109",1957,"M01",0,17899,0,0,20422
"110",1957,"M02",0,18136,0,0,20785
"111",1957,"M03",0,18127,0,0,20762
"112",1957,"M04",0,17954,0,0,20590
"113",1957,"M05",0,17905,0,0,20537
"114",1957,"M06",0,18043,0,0,20624
"115",1957,"M07",0,18374,0,0,20909
"116",1957,"M08",0,18037,0,0,20634
"117",1957,"M09",0,18204,0,0,20831
"118",1957,"M10",0,18234,0,0,20858
"119",1957,"M11",0,18206,0,0,20741
"120",1957,"M12",0,18309,0,0,20909
"121",1958,"M01",0,18003,0,0,20571
"122",1958,"M02",0,18014,0,0,20543
"123",1958,"M03",0,18057,0,0,20555
"124",1958,"M04",0,17952,0,0,20522
"125",1958,"M05",0,18028,0,0,20641
"126",1958,"M06",0,17949,0,0,20568
"127",1958,"M07",0,17893,0,0,20489
"128",1958,"M08",0,18064,0,0,20663
"129",1958,"M09",0,17994,0,0,20603
"130",1958,"M10",0,17973,0,0,20694
"131",1958,"M11",0,18120,0,0,20739
"132",1958,"M12",0,18253,0,0,20797
"133",1959,"M01",0,18379,0,0,20952
"134",1959,"M02",0,18234,0,0,20805
"135",1959,"M03",0,18368,0,0,20986
"136",1959,"M04",0,18453,0,0,21146
"137",1959,"M05",0,18483,0,0,21149
"138",1959,"M06",0,18574,0,0,21275
"139",1959,"M07",0,18557,0,0,21221
"140",1959,"M08",0,18563,0,0,21222
"141",1959,"M09",0,18530,0,0,21191
"142",1959,"M10",0,18717,0,0,21342
"143",1959,"M11",0,18539,0,0,21239
"144",1959,"M12",0,18714,0,0,21410
"145",1960,"M01",0,18634,0,0,21376
"146",1960,"M02",0,18770,0,0,21515
"147",1960,"M03",0,18585,0,0,21135
"148",1960,"M04",0,19078,0,0,21894
"149",1960,"M05",0,19241,0,0,22031
"150",1960,"M06",0,19335,0,0,22244
"151",1960,"M07",0,19296,0,0,22075
"152",1960,"M08",0,19204,0,0,22029
"153",1960,"M09",0,19424,0,0,22259
"154",1960,"M10",0,19003,0,0,21830
"155",1960,"M11",0,19324,0,0,22123
"156",1960,"M12",0,19227,0,0,22051
"157",1961,"M01",0,19305,0,0,22077
"158",1961,"M02",0,19331,0,0,22158
"159",1961,"M03",0,19500,0,0,22301
"160",1961,"M04",0,19322,0,0,21971
"161",1961,"M05",0,19286,0,0,21981
"162",1961,"M06",0,19477,0,0,22260
"163",1961,"M07",0,19241,0,0,22014
"164",1961,"M08",0,19290,0,0,22086
"165",1961,"M09",0,19123,0,0,21876
"166",1961,"M10",0,19268,0,0,22131
"167",1961,"M11",0,19434,0,0,22190
"168",1961,"M12",0,19336,0,0,22077
"169",1962,"M01",0,19529,0,0,22248
"170",1962,"M02",0,19555,0,0,22449
"171",1962,"M03",0,19574,0,0,22372
"172",1962,"M04",0,19597,0,0,22363
"173",1962,"M05",0,19590,0,0,22410
"174",1962,"M06",0,19645,0,0,22519
"175",1962,"M07",0,19597,0,0,22438
"176",1962,"M08",0,19843,0,0,22731
"177",1962,"M09",0,19930,0,0,22795
"178",1962,"M10",0,19740,0,0,22671
"179",1962,"M11",0,19793,0,0,22603
"180",1962,"M12",0,19797,0,0,22630
"181",1963,"M01",0,19864,0,0,22771
"182",1963,"M02",0,20003,0,0,22878
"183",1963,"M03",0,20073,0,0,22970
"184",1963,"M04",0,20234,0,0,23132
"185",1963,"M05",0,20182,0,0,23116
"186",1963,"M06",0,20122,0,0,22998
"187",1963,"M07",0,20200,0,0,23097
"188",1963,"M08",0,20100,0,0,23042
"189",1963,"M09",0,20285,0,0,23188
"190",1963,"M10",0,20457,0,0,23351
"191",1963,"M11",0,20397,0,0,23358
"192",1963,"M12",0,20372,0,0,23332
"193",1964,"M01",0,20417,0,0,23359
"194",1964,"M02",0,20623,0,0,23648
"195",1964,"M03",0,20705,0,0,23638
"196",1964,"M04",0,20979,0,0,23969
"197",1964,"M05",0,21008,0,0,23998
"198",1964,"M06",0,20852,0,0,23908
"199",1964,"M07",0,20788,0,0,23769
"200",1964,"M08",0,20873,0,0,23915
"201",1964,"M09",0,20800,0,0,23854
"202",1964,"M10",0,20838,0,0,23901
"203",1964,"M11",0,20802,0,0,23952
"204",1964,"M12",0,20980,0,0,24068
"205",1965,"M01",0,21132,0,0,24141
"206",1965,"M02",0,21136,0,0,24135
"207",1965,"M03",0,21270,0,0,24345
"208",1965,"M04",0,21356,0,0,24420
"209",1965,"M05",0,21476,0,0,24557
"210",1965,"M06",0,21681,0,0,24785
"211",1965,"M07",0,21814,0,0,24978
"212",1965,"M08",0,21677,0,0,24920
"213",1965,"M09",0,21667,0,0,24907
"214",1965,"M10",0,21901,0,0,25134
"215",1965,"M11",0,21908,0,0,25147
"216",1965,"M12",0,22152,0,0,25379
"217",1966,"M01",0,22238,0,0,25465
"218",1966,"M02",0,22165,0,0,25424
"219",1966,"M03",0,22176,0,0,25433
"220",1966,"M04",0,22282,0,0,25581
"221",1966,"M05",0,22458,0,0,25666
"222",1966,"M06",0,22520,0,0,25811
"223",1966,"M07",0,22643,0,0,25925
"224",1966,"M08",0,22882,0,0,26164
"225",1966,"M09",0,22993,0,0,26351
"226",1966,"M10",0,23056,0,0,26403
"227",1966,"M11",0,23412,0,0,26735
"228",1966,"M12",0,23361,0,0,26671
"229",1967,"M01",0,23083,0,0,26419
"230",1967,"M02",0,23119,0,0,26432
"231",1967,"M03",0,23054,0,0,26334
"232",1967,"M04",0,23326,0,0,26700
"233",1967,"M05",0,23291,0,0,26613
"234",1967,"M06",0,23451,0,0,26791
"235",1967,"M07",0,23578,0,0,26914
"236",1967,"M08",0,23741,0,0,27077
"237",1967,"M09",0,23795,0,0,27154
"238",1967,"M10",0,23844,0,0,27278
"239",1967,"M11",0,23956,0,0,27395
"240",1967,"M12",0,24128,0,0,27628
"241",1968,"M01",0,23751,0,0,27114
"242",1968,"M02",0,23986,0,0,27426
"243",1968,"M03",0,24143,0,0,27572
"244",1968,"M04",0,24106,0,0,27573
"245",1968,"M05",0,24474,0,0,28022
"246",1968,"M06",0,24525,0,0,27998
"247",1968,"M07",0,24375,0,0,27856
"248",1968,"M08",0,24303,0,0,27754
"249",1968,"M09",0,24530,0,0,28002
"250",1968,"M10",0,24483,0,0,28001
"251",1968,"M11",0,24722,0,0,28189
"252",1968,"M12",0,24681,0,0,28199
"253",1969,"M01",0,24742,0,0,28294
"254",1969,"M02",0,25022,0,0,28612
"255",1969,"M03",0,25137,0,0,28687
"256",1969,"M04",0,25260,0,0,28831
"257",1969,"M05",0,25278,0,0,28805
"258",1969,"M06",0,25589,0,0,29140
"259",1969,"M07",0,25639,0,0,29245
"260",1969,"M08",0,25625,0,0,29289
"261",1969,"M09",0,25628,0,0,29293
"262",1969,"M10",0,25811,0,0,29488
"263",1969,"M11",0,25824,0,0,29508
"264",1969,"M12",0,25963,0,0,29685
"265",1970,"M01",0,26002,0,0,29668
"266",1970,"M02",0,25984,0,0,29609
"267",1970,"M03",0,26025,0,0,29666
"268",1970,"M04",0,26157,0,0,29850
"269",1970,"M05",0,25822,0,0,29489
"270",1970,"M06",0,25896,0,0,29586
"271",1970,"M07",0,26158,0,0,29819
"272",1970,"M08",0,26140,0,0,29774
"273",1970,"M09",0,25938,0,0,29570
"274",1970,"M10",0,26197,0,0,29830
"275",1970,"M11",0,26075,0,0,29700
"276",1970,"M12",0,26050,0,0,29661
"277",1971,"M01",0,26295,0,0,29904
"278",1971,"M02",0,26128,0,0,29778
"279",1971,"M03",0,26027,0,0,29677
"280",1971,"M04",0,26046,0,0,29703
"281",1971,"M05",0,26083,0,0,29758
"282",1971,"M06",0,25943,0,0,29606
"283",1971,"M07",0,26045,0,0,29769
"284",1971,"M08",0,26261,0,0,29983
"285",1971,"M09",0,26394,0,0,30126
"286",1971,"M10",0,26496,0,0,30266
"287",1971,"M11",0,26718,0,0,30482
"288",1971,"M12",0,26901,0,0,30619
"289",1972,"M01",3401,27120,0,0,30881
"290",1972,"M02",3391,27130,0,0,30934
"291",1972,"M03",3401,27262,0,0,31078
"292",1972,"M04",3410,27250,0,0,31095
"293",1972,"M05",3442,27352,0,0,31209
"294",1972,"M06",3421,27297,0,0,31137
"295",1972,"M07",3406,27374,0,0,31201
"296",1972,"M08",3400,27573,0,0,31370
"297",1972,"M09",3430,27550,0,0,31345
"298",1972,"M10",3414,27600,0,0,31420
"299",1972,"M11",3521,27725,0,0,31626
"300",1972,"M12",3553,27837,0,0,31792
"301",1973,"M01",3496,27753,0,0,31643
"302",1973,"M02",3556,28096,0,0,32096
"303",1973,"M03",3561,28203,0,0,32288
"304",1973,"M04",3554,28408,0,0,32479
"305",1973,"M05",3545,28586,0,0,32645
"306",1973,"M06",3540,28801,0,0,32849
"307",1973,"M07",3658,28646,0,0,32763
"308",1973,"M08",3658,28682,0,0,32828
"309",1973,"M09",3629,28873,0,0,32986
"310",1973,"M10",3680,29042,0,0,33202
"311",1973,"M11",3663,29254,0,0,33410
"312",1973,"M12",3670,29096,0,0,33343
"313",1974,"M01",3678,29042,0,0,33253
"314",1974,"M02",3668,29271,0,0,33526
"315",1974,"M03",3637,29421,0,0,33662
"316",1974,"M04",3670,29453,0,0,33716
"317",1974,"M05",3698,29449,0,0,33726
"318",1974,"M06",3698,29533,0,0,33857
"319",1974,"M07",3690,29893,0,0,34159
"320",1974,"M08",3723,29671,0,0,34014
"321",1974,"M09",3770,29625,0,0,33979
"322",1974,"M10",3704,29675,0,0,33950
"323",1974,"M11",3611,29562,0,0,33755
"324",1974,"M12",3589,29534,0,0,33707
"325",1975,"M01",3584,29473,0,0,33660
"326",1975,"M02",3562,29291,0,0,33467
"327",1975,"M03",3591,29383,0,0,33555
"328",1975,"M04",3577,29436,0,0,33645
"329",1975,"M05",3593,29489,0,0,33755
"330",1975,"M06",3638,29551,0,0,33846
"331",1975,"M07",3625,29764,0,0,34050
"332",1975,"M08",3600,29901,0,0,34214
"333",1975,"M09",3617,29987,0,0,34274
"334",1975,"M10",3646,30062,0,0,34372
"335",1975,"M11",3678,30041,0,0,34390
"336",1975,"M12",3716,30180,0,0,34554
"337",1976,"M01",3763,30473,0,0,34922
"338",1976,"M02",3775,30572,0,0,35002
"339",1976,"M03",3878,30661,0,0,35214
"340",1976,"M04",3851,30793,0,0,35345
"341",1976,"M05",3831,31084,0,0,35650
"342",1976,"M06",3810,31123,1469,0,35641
"343",1976,"M07",3789,31307,1461,0,35839
"344",1976,"M08",3809,31211,1446,0,35802
"345",1976,"M09",3799,31261,1539,0,35774
"346",1976,"M10",3803,31335,1570,0,35803
"347",1976,"M11",3904,31507,1542,0,36148
"348",1976,"M12",3865,31627,1526,0,36224
"349",1977,"M01",3848,31616,1402,0,36211
"350",1977,"M02",3862,31872,1438,0,36458
"351",1977,"M03",3893,32103,1409,0,36727
"352",1977,"M04",3924,32285,1455,0,36944
"353",1977,"M05",3994,32551,1485,0,37283
"354",1977,"M06",3966,32518,1556,0,37226
"355",1977,"M07",3939,32578,1556,0,37277
"356",1977,"M08",4004,32671,1593,0,37496
"357",1977,"M09",4046,32869,1590,0,37728
"358",1977,"M10",4025,32967,1619,0,37727
"359",1977,"M11",4015,33271,1604,0,38106
"360",1977,"M12",4179,33300,1589,0,38260
"361",1978,"M01",4156,33539,1590,0,38524
"362",1978,"M02",4225,33633,1610,0,38704
"363",1978,"M03",4231,33784,1685,0,38899
"364",1978,"M04",4256,34100,1699,0,39232
"365",1978,"M05",4284,34219,1696,0,39399
"366",1978,"M06",4321,34452,1733,0,39619
"367",1978,"M07",4264,34438,1734,0,39539
"368",1978,"M08",4392,34418,1717,0,39711
"369",1978,"M09",4408,34746,1750,0,40036
"370",1978,"M10",4404,35090,1843,0,40320
"371",1978,"M11",4363,35054,1779,0,40345
"372",1978,"M12",4376,35227,1794,0,40492
"373",1979,"M01",4358,35280,1728,0,40537
"374",1979,"M02",4373,35478,1806,0,40781
"375",1979,"M03",4460,35589,1813,0,41043
"376",1979,"M04",4396,35401,1832,0,40734
"377",1979,"M05",4363,35538,1807,0,40882
"378",1979,"M06",4410,35583,1815,0,40980
"379",1979,"M07",4465,35855,1835,0,41287
"380",1979,"M08",4382,35790,1857,0,41183
"381",1979,"M09",4442,36091,1860,0,41514
"382",1979,"M10",4505,36220,1887,0,41691
"383",1979,"M11",4528,36309,1834,0,41869
"384",1979,"M12",4540,36548,1821,0,42052
"385",1980,"M01",4532,36637,2028,0,42133
"386",1980,"M02",4530,36558,1983,0,42071
"387",1980,"M03",4488,36540,2038,0,42044
"388",1980,"M04",4481,36560,2055,0,42026
"389",1980,"M05",4502,36447,2065,0,41941
"390",1980,"M06",4480,36417,2096,0,41908
"391",1980,"M07",4525,36445,2099,0,42001
"392",1980,"M08",4558,36401,2102,0,42054
"393",1980,"M09",4536,36661,2036,0,42230
"394",1980,"M10",4518,36749,2140,0,42244
"395",1980,"M11",4519,36802,2170,0,42378
"396",1980,"M12",4519,36804,2139,0,42346
"397",1981,"M01",4574,36970,2123,0,42597
"398",1981,"M02",4526,37241,2183,0,42816
"399",1981,"M03",4541,37369,2158,0,42974
"400",1981,"M04",4655,37491,2263,0,43177
"401",1981,"M05",4550,37677,2253,0,43272
"402",1981,"M06",4552,37418,2206,0,43052
"403",1981,"M07",4549,37464,2247,0,43097
"404",1981,"M08",4485,37587,2224,0,43151
"405",1981,"M09",4521,37131,2202,0,42683
"406",1981,"M10",4577,37576,2260,0,43126
"407",1981,"M11",4638,37479,2268,0,43175
"408",1981,"M12",4576,37317,2211,0,42913
"409",1982,"M01",4615,37353,2155,0,43020
"410",1982,"M02",4551,37429,2187,0,43052
"411",1982,"M03",4530,37525,2224,0,43131
"412",1982,"M04",4484,37543,2246,0,43066
"413",1982,"M05",4527,37749,2251,0,43350
"414",1982,"M06",4548,37752,2232,0,43372
"415",1982,"M07",4537,37780,2278,0,43380
"416",1982,"M08",4572,37759,2244,0,43472
"417",1982,"M09",4588,37741,2192,0,43455
"418",1982,"M10",4559,37594,2237,0,43268
"419",1982,"M11",4542,37584,2214,0,43265
"420",1982,"M12",4581,37567,2199,0,43259
"421",1983,"M01",4553,37684,2153,0,43377
"422",1983,"M02",4631,37571,2133,0,43377
"423",1983,"M03",4589,37632,2143,0,43380
"424",1983,"M04",4577,37799,2226,0,43549
"425",1983,"M05",4613,37762,2245,0,43509
"426",1983,"M06",4570,38010,2290,0,43716
"427",1983,"M07",4656,38304,2366,0,44057
"428",1983,"M08",4651,38632,2405,0,44446
"429",1983,"M09",4707,38811,2395,0,44709
"430",1983,"M10",4621,38825,2384,0,44605
"431",1983,"M11",4655,39025,2428,0,44829
"432",1983,"M12",4656,39164,2445,0,44963
"433",1984,"M01",4709,39111,2465,0,44978
"434",1984,"M02",4851,39308,2419,0,45302
"435",1984,"M03",4851,39395,2486,0,45346
"436",1984,"M04",4913,39542,2482,0,45638
"437",1984,"M05",4950,39951,2541,0,46190
"438",1984,"M06",5056,39809,2604,0,46129
"439",1984,"M07",5014,39913,2601,0,46223
"440",1984,"M08",5082,39550,2606,0,45962
"441",1984,"M09",5093,39635,2653,0,46082
"442",1984,"M10",5089,39761,2626,0,46173
"443",1984,"M11",5152,39872,2645,0,46342
"444",1984,"M12",5175,40052,2686,0,46561
"445",1985,"M01",5219,40225,2536,0,46731
"446",1985,"M02",5132,40567,2616,0,46992
"447",1985,"M03",5215,40663,2649,0,47213
"448",1985,"M04",5251,40510,2617,0,47122
"449",1985,"M05",5210,40436,2566,0,47001
"450",1985,"M06",5276,40305,2593,0,46889
"451",1985,"M07",5214,40517,2628,0,47061
"452",1985,"M08",5205,40575,2693,0,47154
"453",1985,"M09",5202,40942,2726,0,47525
"454",1985,"M10",5255,41069,2737,0,47656
"455",1985,"M11",5251,41203,2676,0,47779
"456",1985,"M12",5330,41268,2670,0,47970
"457",1986,"M01",5313,41320,2624,0,48031
"458",1986,"M02",5316,41178,2590,0,47931
"459",1986,"M03",5367,41416,2664,0,48189
"460",1986,"M04",5412,41471,2707,0,48247
"461",1986,"M05",5406,41631,2714,0,48438
"462",1986,"M06",5391,41966,2837,0,48780
"463",1986,"M07",5379,42128,2873,0,48959
"464",1986,"M08",5331,42257,2866,0,49082
"465",1986,"M09",5407,42216,2869,0,49085
"466",1986,"M10",5450,42330,2944,0,49245
"467",1986,"M11",5439,42243,2908,0,49195
"468",1986,"M12",5418,42365,2898,0,49296
"469",1987,"M01",5433,42424,2839,0,49362
"470",1987,"M02",5511,42552,2954,0,49593
"471",1987,"M03",5493,42721,2966,0,49749
"472",1987,"M04",5540,42922,3093,0,49985
"473",1987,"M05",5584,43254,3078,0,50389
"474",1987,"M06",5635,43130,3125,0,50315
"475",1987,"M07",5690,43273,3085,0,50536
"476",1987,"M08",5766,43445,3154,0,50745
"477",1987,"M09",5684,43315,3091,0,50518
"478",1987,"M10",5804,43481,3182,0,50781
"479",1987,"M11",5805,43500,3193,0,50909
"480",1987,"M12",5828,43688,3165,0,51108
"481",1988,"M01",5794,43777,3200,0,51181
"482",1988,"M02",5774,43891,3290,0,51249
"483",1988,"M03",5741,43979,3231,0,51313
"484",1988,"M04",5695,44137,3160,0,51372
"485",1988,"M05",5698,43978,3192,0,51161
"486",1988,"M06",5714,44241,3334,0,51562
"487",1988,"M07",5921,44068,3310,0,51613
"488",1988,"M08",5868,44345,3307,0,51802
"489",1988,"M09",5878,44404,3321,0,51861
"490",1988,"M10",5934,44609,3348,0,52191
"491",1988,"M11",5975,44849,3352,0,52542
"492",1988,"M12",6012,44881,3287,0,52584
"493",1989,"M01",5974,45159,3302,0,52889
"494",1989,"M02",5993,45060,3328,0,52775
"495",1989,"M03",5987,45027,3371,0,52753
"496",1989,"M04",5987,45142,3420,0,52867
"497",1989,"M05",6052,45120,3452,0,52873
"498",1989,"M06",5975,45070,3363,0,52810
"499",1989,"M07",6056,45056,3432,0,52923
"500",1989,"M08",6038,45279,3394,0,53128
"501",1989,"M09",6039,45417,3412,0,53292
"502",1989,"M10",6015,45356,3383,0,53148
"503",1989,"M11",6057,45596,3530,0,53535
"504",1989,"M12",6051,45478,3455,0,53331
"505",1990,"M01",6255,45531,3720,0,53755
"506",1990,"M02",6263,45462,3729,0,53688
"507",1990,"M03",6261,45556,3836,0,53787
"508",1990,"M04",6232,45504,3860,0,53696
"509",1990,"M05",6289,45628,3872,0,53840
"510",1990,"M06",6193,45607,4001,0,53730
"511",1990,"M07",6122,45650,3905,0,53681
"512",1990,"M08",6101,45697,3911,0,53743
"513",1990,"M09",6088,45647,3787,0,53676
"514",1990,"M10",6122,45563,3771,0,53644
"515",1990,"M11",6130,45424,3731,0,53523
"516",1990,"M12",6095,45440,3758,0,53495
"517",1991,"M01",6127,45311,3781,0,53387
"518",1991,"M02",6097,45439,3794,0,53472
"519",1991,"M03",6124,45320,3827,0,53371
"520",1991,"M04",6150,45622,3817,0,53757
"521",1991,"M05",6134,45219,3800,0,53324
"522",1991,"M06",6107,45354,3859,0,53445
"523",1991,"M07",6154,45221,3939,0,53388
"524",1991,"M08",6080,45267,3900,0,53354
"525",1991,"M09",6201,45443,3797,0,53654
"526",1991,"M10",6020,45588,3878,0,53634
"527",1991,"M11",6030,45523,3864,0,53615
"528",1991,"M12",6112,45337,3926,0,53519
"529",1992,"M01",6125,45649,3911,0,53881
"530",1992,"M02",6125,45614,3892,0,53812
"531",1992,"M03",6153,45715,3969,0,53932
"532",1992,"M04",6146,45775,3985,0,54038
"533",1992,"M05",6165,45675,3993,0,53960
"534",1992,"M06",6240,45623,4056,0,53992
"535",1992,"M07",6288,45706,4002,0,54141
"536",1992,"M08",6365,45699,3959,0,54192
"537",1992,"M09",6313,45602,3852,0,54077
"538",1992,"M10",6258,45685,3824,0,54076
"539",1992,"M11",6211,45917,3854,0,54242
"540",1992,"M12",6243,45854,3914,0,54258
"541",1993,"M01",6112,45896,3893,0,54234
"542",1993,"M02",6289,45918,3898,0,54326
"543",1993,"M03",6248,46035,3997,0,54524
"544",1993,"M04",6240,46016,4036,0,54480
"545",1993,"M05",6318,46283,4089,0,54802
"546",1993,"M06",6280,46421,4062,0,54900
"547",1993,"M07",6304,46458,4057,0,54954
"548",1993,"M08",6362,46631,4059,0,55148
"549",1993,"M09",6396,46540,3984,0,55116
"550",1993,"M10",6445,46623,4058,0,55245
"551",1993,"M11",6485,46804,4085,0,55433
"552",1993,"M12",6520,47022,4178,0,55713
"553",1994,"M01",6456,47224,3976,0,56044
"554",1994,"M02",6500,47525,4140,0,56244
"555",1994,"M03",6527,47310,4248,0,56062
"556",1994,"M04",6566,47483,4174,0,56322
"557",1994,"M05",6511,47908,4296,0,56657
"558",1994,"M06",6658,47512,4225,0,56434
"559",1994,"M07",6667,47631,4283,0,56537
"560",1994,"M08",6662,47851,4282,0,56770
"561",1994,"M09",6669,47942,4282,0,56906
"562",1994,"M10",6658,48074,4381,0,57047
"563",1994,"M11",6645,48221,4406,0,57200
"564",1994,"M12",6612,48218,4384,0,57136
"565",1995,"M01",6701,48178,4183,0,57204
"566",1995,"M02",6819,48217,4280,0,57310
"567",1995,"M03",6797,48193,4326,0,57305
"568",1995,"M04",6815,48320,4348,0,57473
"569",1995,"M05",6883,48217,4292,0,57389
"570",1995,"M06",6783,48141,4367,0,57196
"571",1995,"M07",6751,48487,4442,0,57533
"572",1995,"M08",6784,48517,4457,0,57622
"573",1995,"M09",6763,48527,4559,0,57625
"574",1995,"M10",6956,48545,4547,0,57868
"575",1995,"M11",7165,48465,4552,0,57973
"576",1995,"M12",7062,48307,4479,0,57772
"577",1996,"M01",6995,48199,4388,0,57678
"578",1996,"M02",6974,48556,4418,0,57934
"579",1996,"M03",7010,48692,4433,0,58094
"580",1996,"M04",7020,48621,4429,0,58168
"581",1996,"M05",7101,48688,4440,0,58201
"582",1996,"M06",7076,48794,4462,0,58337
"583",1996,"M07",7125,48946,4548,0,58564
"584",1996,"M08",7096,49034,4651,0,58687
"585",1996,"M09",7092,49308,4779,0,58990
"586",1996,"M10",7175,49364,4809,0,59078
"587",1996,"M11",7187,49486,4945,0,59216
"588",1996,"M12",7178,49394,4923,0,59111
"589",1997,"M01",7238,49379,4876,0,59270
"590",1997,"M02",7226,49422,4891,0,59153
"591",1997,"M03",7319,49597,4867,0,59549
"592",1997,"M04",7313,49747,4813,0,59684
"593",1997,"M05",7276,49768,4928,0,59672
"594",1997,"M06",7242,49934,4956,0,59802
"595",1997,"M07",7397,50027,5086,0,60063
"596",1997,"M08",7490,49992,5112,0,60116
"597",1997,"M09",7497,49977,5116,0,60162
"598",1997,"M10",7392,50133,5112,0,60212
"599",1997,"M11",7429,50154,5066,0,60326
"600",1997,"M12",7523,50260,5163,0,60541
"601",1998,"M01",7545,50064,5015,0,60455
"602",1998,"M02",7620,50133,5171,0,60486
"603",1998,"M03",7647,50181,5261,0,60579
"604",1998,"M04",7571,50184,5238,0,60532
"605",1998,"M05",7511,50383,5320,0,60658
"606",1998,"M06",7672,50170,5330,0,60610
"607",1998,"M07",7660,50243,5294,0,60663
"608",1998,"M08",7715,50368,5275,0,60816
"609",1998,"M09",7689,50664,5420,0,61130
"610",1998,"M10",7810,50500,5367,0,61005
"611",1998,"M11",7853,50490,5221,0,61052
"612",1998,"M12",7924,50674,5364,0,61389
"613",1999,"M01",7992,50791,5439,0,61737
"614",1999,"M02",7911,50941,5560,0,61679
"615",1999,"M03",7930,50884,5629,0,61673
"616",1999,"M04",8017,50813,5464,0,61781
"617",1999,"M05",7996,51032,5611,0,61969
"618",1999,"M06",8033,51088,5707,0,62016
"619",1999,"M07",8053,51036,5630,0,61987
"620",1999,"M08",8048,51168,5690,0,62158
"621",1999,"M09",8107,51074,5685,0,62145
"622",1999,"M10",8084,51340,5757,0,62393
"623",1999,"M11",8111,51460,5769,0,62528
"624",1999,"M12",8059,51652,5897,0,62571
"625",2000,"M01",8105,52042,6238,2645,63402
"626",2000,"M02",8103,51974,6229,2689,63356
"627",2000,"M03",8109,52024,6194,2734,63425
"628",2000,"M04",8082,52500,6193,2784,63955
"629",2000,"M05",8071,52000,6270,2835,63473
"630",2000,"M06",8038,52127,6259,2808,63598
"631",2000,"M07",7994,52047,6114,2830,63443
"632",2000,"M08",8022,51782,6179,2851,63228
"633",2000,"M09",8019,52178,6474,2843,63604
"634",2000,"M10",8086,52214,6510,2911,63745
"635",2000,"M11",8114,52231,6507,2894,63824
"636",2000,"M12",8123,52560,6515,2820,64050
"637",2001,"M01",8060,52585,6474,2827,64084
"638",2001,"M02",8113,52514,6513,2843,64078
"639",2001,"M03",8163,52685,6581,2849,64286
"640",2001,"M04",8157,52239,6420,2867,63842
"641",2001,"M05",8168,52170,6448,2856,63829
"642",2001,"M06",8177,52134,6428,2764,63741
"643",2001,"M07",8182,52190,6478,2834,63797
"644",2001,"M08",8046,51908,6552,2747,63412
"645",2001,"M09",7985,52067,6520,2825,63511
"646",2001,"M10",7962,52040,6639,2853,63479
"647",2001,"M11",7894,52146,6583,2882,63536
"648",2001,"M12",7900,51978,6626,2869,63289
"649",2002,"M01",7878,51886,6593,2834,63196
"650",2002,"M02",7886,52270,6741,2853,63661
"651",2002,"M03",7808,52230,6737,2796,63474
"652",2002,"M04",7854,52128,6740,2816,63359
"653",2002,"M05",7852,52057,6688,2824,63333
"654",2002,"M06",7880,52078,6713,2830,63489
"655",2002,"M07",7845,52128,6769,2873,63449
"656",2002,"M08",7923,52259,6773,2862,63710
"657",2002,"M09",8043,52288,6856,2920,63887
"658",2002,"M10",7991,52262,6760,2893,63836
"659",2002,"M11",7977,52206,6771,2949,63785
"660",2002,"M12",8029,52127,6794,2939,63762
"661",2003,"M01",7967,52422,6820,2628,64491
"662",2003,"M02",7850,52359,6833,2584,64240
"663",2003,"M03",7939,52483,6861,2605,64398
"664",2003,"M04",7958,52506,6971,2620,64457
"665",2003,"M05",8064,52315,6873,2668,64431
"666",2003,"M06",7910,52571,6875,2697,64692
"667",2003,"M07",7894,52358,6856,2715,64413
"668",2003,"M08",7932,52337,6863,2696,64398
"669",2003,"M09",7937,52034,6834,2681,64072
"670",2003,"M10",7836,52381,6942,2720,64387
"671",2003,"M11",7975,52374,6996,2774,64549
"672",2003,"M12",7792,52244,6998,2803,64262
"673",2004,"M01",7931,52087,6781,2717,64139
"674",2004,"M02",7984,52352,6882,2718,64460
"675",2004,"M03",7999,52370,7027,2698,64461
"676",2004,"M04",8041,52424,7117,2741,64617
"677",2004,"M05",7903,52718,7191,2710,64770
"678",2004,"M06",7880,52570,7203,2708,64710
"679",2004,"M07",8063,52524,7113,2740,64793
"680",2004,"M08",8062,52546,7169,2723,64790
"681",2004,"M09",8036,52543,7137,2754,64805
"682",2004,"M10",8042,52607,7208,2803,64891
"683",2004,"M11",8016,52699,7128,2860,65046
"684",2004,"M12",8038,52788,7219,2846,65163
"685",2005,"M01",8038,52890,7036,2850,65274
"686",2005,"M02",7998,52903,7114,2811,65228
"687",2005,"M03",8016,52828,7175,2865,65266
"688",2005,"M04",8048,53019,7253,2864,65489
"689",2005,"M05",8125,53115,7318,2867,65603
"690",2005,"M06",8151,52899,7288,2926,65604
"691",2005,"M07",8204,53250,7292,2824,65788
"692",2005,"M08",8200,53436,7326,2862,66001
"693",2005,"M09",8238,53482,7296,2876,66146
"694",2005,"M10",8380,53362,7433,2938,66199
"695",2005,"M11",8259,53447,7486,2958,66149
"696",2005,"M12",8249,53498,7524,2976,66208
"697",2006,"M01",8259,53499,7498,2926,66210
"698",2006,"M02",8340,53562,7564,2995,66411
"699",2006,"M03",8351,53549,7536,3036,66423
"700",2006,"M04",8303,53715,7675,2993,66522
"701",2006,"M05",8404,53847,7765,3017,66771
"702",2006,"M06",8361,53969,7821,3005,66991
"703",2006,"M07",8370,54185,7772,3016,67144
"704",2006,"M08",8518,54179,7719,2940,67191
"705",2006,"M09",8381,53885,7607,2985,66929
"706",2006,"M10",8550,54252,7851,3027,67394
"707",2006,"M11",8553,54263,7868,3095,67463
"708",2006,"M12",8574,54424,8030,3104,67627
"709",2007,"M01",8643,54427,7918,3066,67673
"710",2007,"M02",8600,54435,7987,3114,67766
"711",2007,"M03",8563,54610,7993,3162,67902
"712",2007,"M04",8540,54020,7975,3163,67273
"713",2007,"M05",8524,54330,8010,3203,67624
"714",2007,"M06",8566,54440,8003,3193,67803
"715",2007,"M07",8557,54476,8032,3171,67777
"716",2007,"M08",8530,54439,8192,3181,67715
"717",2007,"M09",8551,54702,8211,3112,68098
"718",2007,"M10",8555,54629,8236,3134,67862
"719",2007,"M11",8471,54825,8177,3209,68085
"720",2007,"M12",8544,54678,8132,3229,67967
"721",2008,"M01",8538,54722,7953,3249,68048
"722",2008,"M02",8578,54515,8048,3283,67935
"723",2008,"M03",8632,54537,8001,3278,68007
"724",2008,"M04",8683,54568,8166,3313,68106
"725",2008,"M05",8569,54608,8272,3224,68041
"726",2008,"M06",8567,54631,8092,3219,67995
"727",2008,"M07",8604,54524,8060,3219,67911
"728",2008,"M08",8538,54431,8181,3221,67803
"729",2008,"M09",8442,54520,8124,3192,67875
"730",2008,"M10",8483,54580,8064,3140,67863
"731",2008,"M11",8500,54327,8070,3165,67583
"732",2008,"M12",8542,54080,8144,3198,67466
"733",2009,"M01",8467,53918,7925,3048,66939
"734",2009,"M02",8312,53961,7972,3059,66907
"735",2009,"M03",8280,53711,8015,3120,66683
"736",2009,"M04",8274,53755,8121,3119,66635
"737",2009,"M05",8220,53561,7987,3145,66416
"738",2009,"M06",8261,53469,7959,3106,66318
"739",2009,"M07",8271,53369,7977,3159,66286
"740",2009,"M08",8182,53256,7878,3107,66082
"741",2009,"M09",8087,52830,7991,3045,65686
"742",2009,"M10",8010,52842,8017,3002,65523
"743",2009,"M11",8124,52965,8144,3060,65741
"744",2009,"M12",8020,52786,8098,3033,65409
"745",2010,"M01",8087,53323,8066,2976,65811
"746",2010,"M02",8123,53030,8079,3045,65801
"747",2010,"M03",8114,52983,8062,3038,65686
"748",2010,"M04",8099,52995,8097,3192,65745
"749",2010,"M05",8198,52827,8176,3168,65703
"750",2010,"M06",8224,52889,8060,3153,65762
"751",2010,"M07",8123,52843,7961,3121,65611
"752",2010,"M08",8107,52947,8045,3149,65732
"753",2010,"M09",8094,52923,8185,3108,65755
"754",2010,"M10",8152,52738,8119,3130,65585
"755",2010,"M11",8217,52726,8219,3182,65675
"756",2010,"M12",8212,52817,8204,3143,65704
"757",2011,"M01",8137,52806,8165,3160,65513
"758",2011,"M02",8130,52574,7965,3107,65406
"759",2011,"M03",8084,52970,8102,3174,65662
"760",2011,"M04",8011,52955,8194,3161,65613
"761",2011,"M05",8027,52764,8140,3140,65478
"762",2011,"M06",7970,52651,8147,3174,65343
"763",2011,"M07",7963,52740,8058,3174,65472
"764",2011,"M08",8089,52760,8199,3120,65580
"765",2011,"M09",8240,52780,8322,3099,65668
"766",2011,"M10",8276,52862,8483,3177,65846
"767",2011,"M11",8145,52725,8411,3208,65793
"768",2011,"M12",8114,52705,8448,3281,65667
"769",2012,"M01",8307,52682,8969,3655,66420
"770",2012,"M02",8520,52702,9148,3546,66679
"771",2012,"M03",8566,52762,9188,3614,66780
"772",2012,"M04",8613,52502,9232,3585,66627
"773",2012,"M05",8520,52779,9374,3594,66811
"774",2012,"M06",8537,52791,9310,3623,66915
"775",2012,"M07",8525,52529,9215,3683,66791
"776",2012,"M08",8571,52748,9146,3533,66946
"777",2012,"M09",8611,53060,9282,3605,67208
"778",2012,"M10",8709,52961,9294,3580,67295
"779",2012,"M11",8604,52924,9283,3679,67277
"780",2012,"M12",8534,52971,9377,3738,67219
"781",2013,"M01",8609,52807,9326,3777,67127
"782",2013,"M02",8537,52753,9348,3810,67120
"783",2013,"M03",8547,52808,9203,3847,67102
"784",2013,"M04",8687,52978,9418,3771,67439
"785",2013,"M05",8770,53013,9556,3834,67591
"786",2013,"M06",8647,53059,9467,3922,67599
"787",2013,"M07",8717,53281,9482,3789,67858
"788",2013,"M08",8682,53315,9331,3857,68050
"789",2013,"M09",8684,53284,9493,3877,67905
"790",2013,"M10",8602,53016,9478,3802,67475
"791",2013,"M11",8635,53218,9603,3877,67761
"792",2013,"M12",8710,53229,9535,3940,67908
"793",2014,"M01",8776,53525,9576,3906,68215
"794",2014,"M02",8933,53636,9661,3899,68468
"795",2014,"M03",8860,53482,9717,3971,68304
"796",2014,"M04",8860,53690,9860,3894,68453
"797",2014,"M05",8870,53699,9809,3944,68528
"798",2014,"M06",8929,53716,9920,3866,68600
"799",2014,"M07",8925,53580,9804,3869,68516
"800",2014,"M08",8798,53629,9780,3953,68569
"801",2014,"M09",8946,53648,9917,3900,68566
"802",2014,"M10",8975,53941,10006,3906,69003
"803",2014,"M11",9028,53949,10045,3980,69124
"804",2014,"M12",9053,53734,9956,3976,69041
"805",2015,"M01",9056,54165,10071,4014,69411
"806",2015,"M02",9081,53920,10087,4061,69283
"807",2015,"M03",9122,53848,10197,4053,69287
"808",2015,"M04",9250,53837,10309,4088,69417
"809",2015,"M05",9260,54070,10385,4175,69663
"810",2015,"M06",9370,54075,10434,4117,69787
"811",2015,"M07",9387,53864,10238,4053,69579
"812",2015,"M08",9399,54071,10189,4085,69853
"813",2015,"M09",9351,53959,10226,4042,69586
"814",2015,"M10",9431,54087,10376,3998,69900
"815",2015,"M11",9465,54337,10520,4151,70228
"816",2015,"M12",9497,54404,10436,4199,70414
"817",2016,"M01",9467,54699,10473,4145,70607
"818",2016,"M02",9422,54599,10606,4319,70589
"819",2016,"M03",9351,54888,10696,4232,70760
"820",2016,"M04",9321,54773,10552,4226,70654
"821",2016,"M05",9368,54808,10616,4272,70786
"822",2016,"M06",9393,54593,10551,4268,70554
"823",2016,"M07",9443,54735,10614,4367,70895
"824",2016,"M08",9669,54668,10679,4289,70962
"825",2016,"M09",9629,54608,10755,4399,71000
"826",2016,"M10",9633,54600,10835,4362,71090
"827",2016,"M11",9703,54743,10964,4331,71195
"828",2016,"M12",9725,54712,10895,4370,71270
"829",2017,"M01",9750,54699,10769,4317,71200
"830",2017,"M02",9749,54816,10986,4463,71389
"831",2017,"M03",9795,55267,11193,4464,71957
"832",2017,"M04",9780,55080,11055,4485,71835
"833",2017,"M05",9824,55053,11008,4530,71766
"834",2017,"M06",9800,55228,10997,4499,71952
"835",2017,"M07",9854,55488,11081,4475,72281
"836",2017,"M08",9831,55325,11020,4472,72139
"837",2017,"M09",9898,55524,11157,4512,72325
"838",2017,"M10",9897,55118,11119,4450,72013
"839",2017,"M11",9957,55323,11281,4390,72218
"840",2017,"M12",9998,55194,11108,4444,72081
"841",2018,"M01",9871,55318,11169,4475,72238
"842",2018,"M02",9972,55542,11351,4535,72483
"843",2018,"M03",10061,55459,11281,4626,72588
"844",2018,"M04",9943,55546,11505,4544,72667
"845",2018,"M05",10050,55686,11538,4503,72903
"846",2018,"M06",10170,55714,11603,4655,73156
"847",2018,"M07",10146,56029,11628,4621,73496
"848",2018,"M08",10015,55618,11457,4721,73018
"849",2018,"M09",10216,55829,11692,4773,73299
"850",2018,"M10",10205,56069,11910,4682,73502
"851",2018,"M11",10137,56050,11928,4778,73574
"852",2018,"M12",10088,56242,12069,4818,73776
"853",2019,"M01",10225,55887,11789,4734,73628
"854",2019,"M02",10111,56192,11804,4783,73757
"855",2019,"M03",10097,56202,11862,4836,73689
"856",2019,"M04",10174,56141,11847,4690,73695
"857",2019,"M05",10266,55917,11876,4718,73635
"858",2019,"M06",10162,56041,11886,4945,73726
"859",2019,"M07",10250,56242,11937,4738,73945
"860",2019,"M08",10267,56391,12019,4896,74290
"861",2019,"M09",10312,56678,12225,4944,74526
"862",2019,"M10",10308,56809,12449,4947,74688
"863",2019,"M11",10226,56716,12307,4872,74582
"864",2019,"M12",10426,56853,12281,4808,74740
"865",2020,"M01",10382,56919,12152,4605,74762
"866",2020,"M02",10523,56875,12364,4829,74865
"867",2020,"M03",10119,55832,12038,4727,73234
"868",2020,"M04",8565,46736,9423,3928,61478
"869",2020,"M05",8707,48597,9751,3876,63530
"870",2020,"M06",9026,50969,10656,4091,66444
"871",2020,"M07",9110,51646,10649,4271,67520
"872",2020,"M08",9248,52986,11055,4452,69063
"873",2020,"M09",9342,52783,10846,4494,68880
"874",2020,"M10",9537,53782,11340,4508,70131
"875",2020,"M11",9658,53784,11465,4481,70542
"876",2020,"M12",9554,53821,11397,4497,70350
"877",2021,"M01",9599,53685,11179,4377,70316
"878",2021,"M02",9534,53871,11386,4583,70572
"879",2021,"M03",9654,54210,11537,4673,71167
